Id,Name,Category,Location,Opening_hours,Holidays,I_Adult,I_Children,I_Photography,F_Adult,F_Children,F_Photography,Students Entry Fee,Required Time,"(latitude,longitude)",Description
1,National Gallery of Modern Art,Arts,Delhi,10:00 AM - 5:00 PM,Monday and public holidays,20,Free,Prohibited,500,Free,Prohibited,Free,3 hours,"(28.611799,77.219299)","The National Gallery of Modern Art is a premier art museum located in New Delhi, India. Established in 1954, it is one of the largest and most visited modern art museums in the country. The gallery's collection features over 20,000 works of modern and contemporary Indian art, including paintings, sculptures, and other art forms. It also hosts temporary exhibitions, workshops, and educational programs, making it a hub for art enthusiasts and scholars alike. The gallery's collection spans from the early 20th century to the present day, showcasing the evolution of modern Indian art."
2,Academy of Fine Arts,Arts,Kolkata,10:00 AM - 05:00 PM ,Opens Daily,Free,Free,Free,Free,Free,Free,Free,2 hours,"(22.5455,88.3473)","The Academy of Fine Arts is a prestigious institution that focuses on providing comprehensive training in various fine arts disciplines. These may include painting, sculpture, photography, printmaking, and other visual arts. Many Academy of Fine Arts programs emphasize studio work, theory, and art history. The goal of these programs is to equip students with the skills and knowledge necessary to become successful artists, curators, or art administrators. Many Academy of Fine Arts graduates go on to establish successful careers in the art world, exhibiting their work in galleries and museums around the world."
3,Birla Academy of Fine Art and Culture,Arts,Kolkata,3:00 PM - 8:00 PM,Monday and public holidays,20,Free,Free,20,Free,Free,Free,3 hours,"(22.5225,88.3639)","The Birla Academy of Art and Culture is a premier cultural institution located in Kolkata, India. Founded in 1966 by B.K. Birla, it is a non-profit organization dedicated to promoting arts, literature, and culture. The academy offers a range of programs and activities, including art exhibitions, concerts, and literary events. It also has a museum showcasing a collection of Indian art and artifacts. The academy's primary objective is to foster a deeper appreciation and understanding of Indian art and culture, both nationally and internationally. It is considered a hub for cultural enthusiasts and art lovers in India."
4,Sri Chitra Art Gallery,Arts,Thiruvananthapuram,10:00 AM - 5:00 PM,Monday and public holidays,20,5,Free,20,5,Free,Free,2 hours,"(8.5074,76.9565)","The Sri Chitra Art Gallery is a renowned art gallery located in Trivandrum, Kerala, India. Established in 1935, it is one of the largest and most visited art galleries in India. The gallery showcases an extensive collection of Indian art, including paintings, sketches, and sculptures from the 14th to the 20th centuries. It also features works by prominent Indian artists, such as Raja Ravi Varma, Rabindranath Tagore, and Jamini Roy. With over 400 paintings on display, the gallery provides a unique opportunity to explore the rich cultural heritage of India through its art."
5,Salar Jung Museum,"Arts,Historical Museums, Museum-house",Hyderabad,10:00 AM - 5:00 PM,Friday and public holidays,50,20,50,500,20,50,Free,3 hours,"(17.3714,78.4803)","The Salar Jung Museum is one of the largest and most renowned museums in India. It is known for its extensive collection of art, antiques, and artifacts from various parts of the world. The museum's collection spans centuries of history, with significant items from European, Asian, and Middle Eastern cultures. It includes sculptures, textiles, manuscripts, weapons, and much more. The museum is a treasure trove of cultural history and is particularly famous for its collection of Persian carpets, Mughal miniatures, and European clocks. Students and researchers of art history, archaeology, and cultural studies find the museum an invaluable resource for understanding diverse global art forms and historical connections."
6,Kerala Folklore Museum,Arts,Kochi,9:00 AM - 6:00 PM,Opens Daily,100,50,Free,100,50,Free,Free,2 hours,"(9.9312,76.2673)","The Kerala Folklore Museum is a museum located in Kochi, Kerala, India. It was established in 1990 and is dedicated to preserving and showcasing the traditional art, culture, and folklore of Kerala. The museum features a collection of over 7,000 artifacts, including sculptures, paintings, and folk art objects. It also hosts cultural events and workshops to promote the preservation and appreciation of Kerala's rich cultural heritage. The museum is a popular tourist destination and a valuable resource for researchers and scholars interested in Kerala's folklore and cultural traditions."
7,Gandhi Smriti,Historical Museums,New Delhi,10:00 AM - 5:00 PM,Monday and public holidays,Free,Free,Free,Free,Free,Free,Free,2 hours,"(28.6015,77.2131)","Gandhi Smriti is a national memorial located in New Delhi, India. It is dedicated to the life and philosophy of Mahatma Gandhi, a prominent Indian independence activist. The memorial is situated in the Birla House, where Gandhi was assassinated on January 30, 1948. The complex houses a museum, a library, and a prayer hall, among other attractions. Gandhi Smriti is a significant tourist destination and a place of great historical and cultural importance in India, offering a glimpse into the life and legacy of Mahatma Gandhi. It is maintained by the Indian government."
8,Victoria Memorial Hall,"Historical Museums, Museum-house",Kolkata,10:00 AM - 6:00 PM ,Monday and public holidays,50,Free,200,500,Free,200,Free,3 hours,"(22.5448,88.3426)","The Victoria Memorial Hall is an iconic landmark and museum in Kolkata, dedicated to the memory of Queen Victoria. It stands as a monumental piece of British colonial architecture and houses a vast collection of artifacts related to the British Empire's impact on India. The museum focuses on showcasing artworks, sculptures, and historical relics from the colonial era, as well as highlighting Queen Victoria's legacy and the history of British rule in India. The museum also includes exhibits on Indian art and culture during the British period, offering a blend of history, art, and colonial heritage. This institution is a major resource for art students, historians, and anyone interested in the complex history of colonial India."
9,Partition Museum,Historical Museums,"Amritsar, Punjab",10:00 AM - 6:00 PM ,Monday and public holidays,10,Free,Free,250,Free,Free,Free,2 hours,"(31.6200,74.8765)","The Partition Museum is a museum located in Amritsar, India, that commemorates the partition of India and Pakistan in 1947. The museum was opened in 2017 and is housed in a 19th-century prison building that was once used to detain people during the partition. The museum showcases the personal stories and experiences of those who were affected by the partition, through artifacts, photographs, and interactive exhibits. It also aims to provide a platform for people to reflect on the past and work towards a more peaceful and tolerant future. The museum is a significant cultural and historical landmark in India."
10,Chhatrapati Shivaji Maharaj Vastu Sangrahalaya (formerly Prince of Wales Museum),Historical Museums,"Mumbai, Maharashtra",10:15 AM - 6:00 PM,Public holidays,150,35,200,700,200,200,35,3 hours,"(18.9274,72.8321)","The Chhatrapati Shivaji Maharaj Vastu Sangrahalaya (CSMVS) is a museum located in Mumbai, India. It was originally established in 1905 as the Prince of Wales Museum, named after the then-Prince of Wales, who later became King Edward VIII. The museum is housed in a stunning neoclassical building designed by George Wittet. It features a diverse collection of over 50,000 artifacts, including Indian art, sculpture, and cultural exhibits. The museum has undergone significant renovations and is now named after the legendary Maratha leader Chhatrapati Shivaji Maharaj, in honor of his rich history and cultural heritage."
11,Indian Museum,"Historical Museums, Archeology Museum",Kolkata,10:00 AM - 6:00 PM ,Monday and public holidays,75,20,"50,100",500,500,"50,100",Free,3 hours,"(22.5581,88.3508)","The Indian Museum, located in Kolkata, India, is one of the oldest and largest museums in South Asia. Founded in 1814, it was established by the Asiatic Society of Bengal. The museum houses a vast collection of artifacts, artworks, and relics that span over 5,000 years of Indian history and culture. Its collection includes Indian sculptures, Mughal art, and ancient coins. The museum's vast repository also includes a dinosaur fossil and an Egyptian mummy, showcasing the country's rich cultural and historical heritage. It is a must-visit destination for anyone interested in Indian history and art."
12,National Museum,"Historical Museums, Archeology Museum",New Delhi,10:00 AM - 6:00 PM ,Monday and public holidays,20,Free,50,650,Free,50,Free,3 hours,"(28.6118,77.2193)","The National Museum is a museum that showcases the history, art, and culture of a particular country or region. There are many National Museums around the world, each with its own unique collection and exhibits. The Smithsonian National Museum in Washington D.C., for example, is one of the largest and most visited museums in the world, with a collection of over 154 million objects, artworks, and specimens. National Museums often serve as a repository for a nation's cultural and historical heritage, providing a platform for education, research, and community engagement."
13,City Palace Museum,Historical Museums,Rajasthan,9:30 AM - 5:30 PM,Opens Daily,250,100,200,250,100,200,100,3 hours,"(24.5764,73.6835)","The City Palace Museum in Jaipur is a living testament to the grandeur of Rajasthan's royal past. The museum is housed in the City Palace, which was the seat of the Maharaja of Jaipur. It showcases a fascinating collection of royal artifacts, including paintings, textiles, weapons, and manuscripts that highlight the rich cultural and architectural heritage of Rajasthan. The museum also provides insight into the lifestyle, art, and history of the Rajput kings. The collection includes miniature paintings, royal costumes, and ceremonial objects that are vital for understanding the region’s artistic traditions and royal history."
14,Jaisalmer War Museum,Historical Museums,Rajasthan,10:00 AM - 6:00 PM ,Opens Daily,55,Free,Free,55,Free,Free,Free,2 hours,"(26.9157,70.9083)","The Jaisalmer War Museum is a museum located in Jaisalmer, Rajasthan, India. It was established in 2015 to commemorate the contributions of the Indian Armed Forces, particularly the Desert Corps, in various wars and military operations. The museum showcases a collection of tanks, artillery, and other military equipment, as well as a gallery of photographs and memorabilia. It also has a museum gallery that features a collection of uniforms, medals, and other military artifacts. The museum aims to provide a glimpse into the history of the Indian Armed Forces and their sacrifices."
15,Tribal Museum,Historical Museums,Bhopal,12:00 PM - 8:00 PM,Monday and public holidays,10,Free,Free,100,Free,Free,Free,3 hours,"(23.2599,77.4126)","The Tribal Museum in Bhopal is dedicated to preserving the cultural heritage of the tribal communities of Madhya Pradesh. The museum offers a unique insight into the lives, traditions, and art of the various tribal groups in the region. It features a wide array of tribal artifacts, including clothing, jewelry, tools, and religious objects, providing a detailed picture of the everyday life and artistic expressions of these communities. The museum also includes exhibits on tribal architecture, music, and dances, making it an essential destination for anthropology and cultural studies students."
16,Heritage Transport Museum,Historical Museums,Haryana,10:00 AM - 7:00 PM,Monday and public holidays,300,150,Free,500,300,Free,200,3 hours,"(28.2038,76.8120)","The Heritage Transport Museum is a popular museum located in Panchkula, Haryana, India. It was established in 2003 and is dedicated to showcasing the history and evolution of transportation in India. The museum features a vast collection of vintage cars, buses, trams, and other vehicles, along with interactive exhibits and display galleries. Visitors can see a replica of a 19th-century carriage, a vintage motorcycle, and a collection of rare and historic cars. The museum also offers a unique glimpse into India's transportation history, making it a must-visit destination for history buffs and automobile enthusiasts."
17,DakshinaChitra Museum,Historical Museums,Tamil Nadu,10:00 AM - 6:00 PM ,Tuesday and Diwali,120,60,Free,250,70,Free,50,3 hours,"(12.7904,80.2518)","DakshinaChitra Museum is a living history museum located in Chennai, India. It showcases the art, culture, and way of life of the people of South India, specifically the states of Tamil Nadu, Kerala, and Karnataka. The museum is spread over 10 acres and features 18 traditional houses from different parts of South India, which have been reconstructed on the site. Visitors can explore these houses and experience the daily life of people from different regions, see traditional crafts and arts, and enjoy performances like dance and music. It's a unique blend of history, culture, and entertainment."
18,Visvesvaraya Industrial and Technological Museum,Science and Technology,Banglore,9:30 AM - 6:00 PM,Ganesha Chathurthi and Deepavali,95,35,Free,95,35,Free,35,3 hours,"(12.9752,77.5967)","The Visvesvaraya Industrial and Technological Museum, located in Bengaluru, India, is a science and technology museum that showcases India's industrial and technological progress. Named after M Visvesvaraya, a renowned engineer and statesman, the museum features exhibits on science, technology, engineering, and mathematics (STEM) fields, including robotics, electronics, and computer science. It also has a planetarium, a science park, and an art gallery, making it a popular destination for students, researchers, and science enthusiasts. The museum is part of the National Council of Science Museums, India, and aims to promote science education and awareness."
19,Nehru Science Centre,Science and Technology,"Mumbai, Maharashtra",9:30 AM - 6:00 PM,Diwali and Holi,70,20,Free,70,20,Free,20,3 hours,"(19.0176,72.8306)","The Nehru Science Centre is a popular science museum located in Mumbai, India. It was established in 1977 and is one of the largest science centres in Asia. The centre has over 500 exhibits showcasing various scientific and technological concepts, including space exploration, physics, chemistry, and biology. Visitors can interact with models and experiments, watch live demonstrations, and participate in hands-on activities. The centre also has a planetarium, an IMAX theatre, and a 3D theatre, making it an ideal destination for families, students, and science enthusiasts. It is a great place to learn and have fun at the same time."
20,National Science Centre,Science and Technology,Delhi,9:30 AM - 6:00 PM,Holi and Diwali,70,20,Free,70,20,Free,20,3 hours,"(28.6139,77.2090)","The National Science Centre is a popular science museum located in various cities across India. The first National Science Centre was established in 1984 in New Delhi and since then, several other centres have been set up in different cities. These centres aim to promote science literacy and awareness among the general public, especially children, through interactive exhibits, workshops, and demonstrations. The exhibits cover a wide range of topics, including astronomy, biology, chemistry, physics, and more. The centres also host temporary exhibitions, shows, and events to engage visitors and inspire a love for science."
21,Birla Science Museum,Science and Technology,Hyderabad,10:30 AM - 8:00 PM,Opens Daily,150,100,Free,150,100,Free,100,3 hours,"(17.4062,78.4691)","The Birla Science Museum is a popular science museum located in Hyderabad, India. It was established in 1992 and is named after the Birla family, a prominent Indian business family. The museum showcases a wide range of scientific exhibits, including dinosaur fossils, a planetarium, and an observatory. It also features a collection of scientific instruments and a hands-on science center for children. The museum is a great place to learn about science and technology in a fun and interactive way. It is a popular tourist destination in Hyderabad and is visited by thousands of people every year."
22,Birla Industrial & Technological Museum,Science and Technology,Kolkata,9:30 AM - 6:00 PM,Holi and Diwali,50,20,Free,50,20,Free,20,3 hours,"(22.5395,88.3639)","The Birla Industrial and Technological Museum is a science museum located in Kolkata, India. It was established in 1959 and is one of the oldest science museums in India. The museum showcases a wide range of scientific and technological exhibits, including a collection of industrial equipment, artifacts, and interactive displays. It also features a planetarium and a gallery dedicated to the history of science and technology in India. The museum is a popular tourist destination and a valuable resource for students and researchers interested in science and technology. It is managed by the National Council of Science Museums."
23,Science City,Science and Technology,Kolkata,10:00 AM - 7:00 PM,Holi,50,20,Free,50,20,Free,20,3 hours,"(22.5392,88.4072)","Science City is a popular science center located in Kolkata, India. It is a hub for science education, entertainment, and innovation, showcasing various scientific principles and concepts through interactive exhibits, demonstrations, and hands-on activities. The city is divided into different zones, including Space Odyssey, Butterfly Garden, Science Park, and IMAX Theater, among others. Science City attracts millions of visitors each year, making it one of the most visited science centers in Asia. It aims to promote scientific awareness, curiosity, and learning among people of all ages and backgrounds."
24,Kerala Science and Technology Museum,Science and Technology,Kerala,10:00 AM - 5:00 PM,Monday,30,20,Free,30,20,Free,20,3 hours,"(8.5241,76.9366)","The Kerala Science and Technology Museum is a popular science museum located in Thiruvananthapuram, Kerala, India. The museum showcases a wide range of scientific and technological exhibits, including a collection of vintage cars, a model of a submarine, and a section on Kerala's rich cultural heritage. The museum also features interactive displays and live demonstrations, making it an engaging and educational experience for visitors of all ages. It is an ideal destination for science enthusiasts, students, and families, providing a unique and enjoyable learning experience. It was established in 1955, and it is open six days a week."
25,Gujarat Science City,Science and Technology,Ahmedabad,10:00 AM - 7:30 PM,Monday,50,20,Free,50,20,Free,20,3 hours,"(23.0700,72.5178)","Gujarat Science City is a popular science museum and amusement park located in Ahmedabad, Gujarat, India. It was established in 2000 and is one of the largest science museums in Asia. The city offers a range of interactive science exhibits, 3D theater shows, and a butterfly garden. Visitors can also explore a mini railway, a nature park, and a space world gallery. The complex is spread over 88 acres and attracts millions of visitors every year, making it a must-visit destination for science enthusiasts and families. It promotes science education and awareness among the general public."
26,Regional Science Centre,Science and Technology,Bhopal,09:30 AM - 06:00 PM,Diwali and Holi,40,20,20,100,50,50,10,3 hours,"(23.2599,77.4126)","The Regional Science Centre in Bhopal is a popular science centre that showcases science and technology in an interactive and engaging manner. Located in the capital city of Madhya Pradesh, it is a part of the National Council of Science Museums (NCSM), a premier scientific institution in India."
27,Regional Science Centre and Planetarium,Science and Technology,Calicut,10:00 AM - 06:00 PM,Diwali and Vijayadashami,"Science Centre Only: Individual: ?40,Organized School Groups: ?20,Special Schools: ?5 Entry + Planetarium: Individual: ?95,Organized School Groups: ?40,Special Schools: ?15 Entry + 3D Science Show:Individual: ?75,Organized School Groups: ?35,Special Schools: ?10",,,,,,20,4 hours,"(11.2588,75.7804)","The Regional Science Centre and Planetarium in Calicut is a popular tourist destination and educational hub. Located in Kozhikode, Kerala, India, it was established in 1992 by the National Council of Science Museums (NCSM). The centre features various interactive science exhibits, a planetarium, and a children's science park. The planetarium showcases 3D educational programs and documentaries on astronomy and space science. The centre also conducts workshops, seminars, and camps for students and teachers to promote science literacy and awareness. It is a must-visit destination for science enthusiasts and students of all ages."
28,Jalan Museum (Quila House),Museum-house,"Patna,Bihar","Monday - Saturday: 09:00 AM - 11:00 AM, Sunday: 10:00 AM - 04:00 PM",Opens Daily,Free,Free,Free,Free,Free,Free,Free,2 hours,"(25.6093,85.1235)","Jalan Museum (Quila House) is a museum located in Sibu, Sarawak, Malaysia. It is housed in a building that was originally a 19th-century capitol building, which served as the residence of the White Rajah, Charles Brooke. The museum showcases the history and culture of Sarawak, with exhibits on the state's early history, traditional clothing, and ethnology. The building itself is a fine example of colonial architecture and has been restored to its original grandeur. Visitors can explore the museum's galleries and learn about the rich history of Sarawak."
29,Gandhi Smarak Sangrahalaya (Gandhi Memorial Museum) ,Museum-house,"Ahmedabad, Gujarat",10:00 AM - 06:00 PM,Opens Daily,Free,Free,Free,Free,Free,Free,Free,2 hours,"(23.0600,72.5800)","The Gandhi Smarak Sangrahalaya, also known as the Gandhi Memorial Museum, is a museum located in Ahmedabad, Gujarat, India. It is dedicated to the life and teachings of Mahatma Gandhi, a key figure in India's struggle for independence. The museum showcases a vast collection of artifacts, photographs, and personal belongings of Gandhi, providing insight into his life and legacy. The museum also hosts exhibitions and events that highlight Gandhi's philosophy of non-violence and peaceful coexistence. It is a significant cultural and historical landmark in India, attracting visitors from around the world."
30,Teen Murti Bhavan (Nehru Memorial Museum and Library),Museum-house,New Delhi,10:00 AM - 05:00 PM,Monday,50,30,Free,50,30,Free,20,2 hours,"(28.6016,77.1987)","Teen Murti Bhavan, also known as the Nehru Memorial Museum and Library, is a museum located in New Delhi, India. It was the official residence of India's first Prime Minister, Jawaharlal Nehru, and is now a museum showcasing his life and legacy. The museum features a collection of Nehru's personal belongings, photographs, and documents, as well as a library with a vast collection of books and papers related to Indian history and politics. The building itself is a historic monument and a popular tourist destination in New Delhi."
31,Albert Hall Museum,Museum-house," Jaipur, Rajasthan","09:00 AM - 05:00 PM, 07:00 PM - 10:00 PM",Opens Daily,"?40 (Day), ?100 (Night)","?20 (Day), ?100 (Night)",50,"?300 (Day), ?100 (Night)","?150 (Day), ?100 (Night)",50,Free,2 hours,"(26.9124,75.8149)","The Albert Hall Museum is a museum located in Jaipur, Rajasthan, India. It was established in 1887 and is one of the oldest museums in India. The museum is housed in a beautiful example of Indo-Saracenic architecture, with a stunning blend of Mughal and Rajput styles. The museum's collection includes a wide range of artifacts, including paintings, sculptures, pottery, and jewelry from the Mughal and Rajput periods. The museum also features a large collection of natural history specimens and a gallery dedicated to the history of printing. It is a must-visit destination for history and art enthusiasts."
32,Jagdish and Kamla Mittal Museum of Indian Art,Museum-house,Hyderabad,10:00 AM - 05:00 PM,Sunday,Free,Free,Free,Free,Free,Free,Free,2 hours,"(17.3850,78.4867)","The Jagdish and Kamla Mittal Museum of Indian Art is a museum located in Solan, Himachal Pradesh, India. The museum showcases a vast collection of Indian art and artifacts, including paintings, sculptures, and decorative arts. The museum's collection spans over a thousand years of Indian art history, from the medieval to the modern period. It also features a beautiful garden and a peaceful atmosphere, making it a popular tourist destination for those interested in art, history, and culture. The museum is open to visitors and offers a unique opportunity to explore Indian art and heritage."
33,Maharaja Fateh Singh Museum,Museum-house,"Vadodara, Gujarat",10:00 AM - 05:00 PM,Monday and public holidays,Free,Free,Free,Free,Free,Free,Free,2 hours,"(22.2973,73.1947)","The Maharaja Fateh Singh Museum is a museum located in the city of Udaipur, Rajasthan, India. It is situated in the Fateh Prakash Palace, a former royal palace built in the 19th century. The museum showcases a collection of art and artifacts from the Mewar region, including paintings, sculptures, and decorative arts. The museum's collection includes works by renowned Indian artists, as well as European and Chinese art. It is a popular tourist destination and a significant cultural institution in India, offering a glimpse into the region's rich artistic and historical heritage."
34,Kirti Mandir,Museum-house,"Porbandar, Gujarat","10:00 AM - 12:00 PM,3:00 PM - 06:30 PM",Opens Daily,Free,Free,Free,Free,Free,Free,Free,2 hours,"(21.6417,69.6293)","The Kirti Mandir is a memorial dedicated to the birthplace of Mahatma Gandhi in Porbandar, Gujarat. It not only serves as a place to honor the life and legacy of Gandhi but also houses a museum that displays personal items, photographs, and manuscripts related to his life and work. The museum's exhibits focus on Gandhi’s philosophy, his role in India's independence, and his impact on global civil rights movements. It is an important location for those studying history, peace studies, and the Indian independence movement."
35,Government Museum,Archeology Museum,Chennai,09:30 AM - 05:00 PM,Friday and public holidays,15,10,200,250,125,200,5,3 hours,"(13.0735,80.2606)","The Government Museum in Chennai is one of the oldest museums in India, offering an extensive collection that spans multiple disciplines. The museum's sections include archaeology, numismatics, sculpture, and art. It is particularly well-known for its rich collection of South Indian sculptures, ancient coins, and archaeological artifacts that trace the history of the region from ancient to modern times. Students of art history and archaeology frequently visit the museum for its rich historical and cultural resources."
36,Archaeological Museum,Archeology Museum,"Sarnath, Uttar Pradesh",09:00 AM - 05:00 PM,Friday and public holidays,5,Free,Free,100,Free,Free,Free,2 hours,"(25.3762,83.0220)","The Archaeological Museum in Sarnath is a significant museum located near the site where Lord Buddha gave his first sermon. It houses important Buddhist relics, sculptures, and artifacts that are central to understanding the Buddhist heritage of India. The museum’s collection includes ancient statues, inscriptions, and artifacts that provide insight into the early development of Buddhism. For students of religious studies, archaeology, and history, the museum offers invaluable resources to explore the archaeological and cultural significance of Sarnath."
37,Indian Museum of Archaeology,Archeology Museum,"Kolkata,West Bengal",10:00 AM - 5:00 PM,Monday and public holidays,50,20,50,300,150,200,20,3 hours,"(22.5583,88.3510)","The Indian Museum of Archaeology, located in Calcutta (now Kolkata), India, is one of the oldest and largest museums in Asia. Established in 1814, it houses a vast collection of artifacts from prehistoric times to the 19th century, including Indian, Chinese, and Egyptian antiquities. The museum's collection spans over 2,00,000 objects, including fossils, coins, sculptures, and paintings. It is a treasure trove of India's rich cultural and historical heritage, attracting visitors from around the world. The museum is also a hub for archaeological research and education."
38,National Museum of Athropology,Archeology Museum,New Delhi,10:00 AM - 5:00 PM,Monday and public holidays,20,10,20,650,350,500,10,3  hours,"(28.6120,77.2195)","The National Museum of Anthropology in Delhi is one of the premier institutions in India dedicated to the study of human cultures and societies. The museum's collection spans a wide range of anthropological themes, including ethnography, human evolution, and cultural diversity. It showcases artifacts from various indigenous communities across India, focusing on their social structures, rituals, and artistic expressions. The museum plays an essential role in the study of anthropology, particularly for students interested in human societies and cultural practices."
39,State Archaelogical Museum,Archeology Museum,"Hyderabad,Telangana",10:30 AM - 5:00 PM,Public Holidays,15,5,20,100,50,100,5,2 hours,"(17.4062,78.4691)","The State Archaeological Museum in Telangana is a premier institution dedicated to preserving and showcasing the state's rich cultural heritage. Located in Hyderabad, the museum features an impressive collection of artifacts and exhibits that highlight the region's history, art, and architecture. The museum's collection includes ancient inscriptions, sculptures, coins, and other archaeological finds that date back to the pre-historic era. It also has a special gallery dedicated to the Nizams of Hyderabad, offering a glimpse into the region's rich history and cultural heritage. The museum is a must-visit for history enthusiasts and culture lovers."
40,Archaeological Museum,Archeology Museum,Goa,10:00 AM - 5:00 PM,Monday and public holidays,10,5,20,50,25,50,5,2 hours,"(15.5009,73.9116)","The Archaeological Museum Goa, located in Old Goa, is a museum showcasing the state's rich cultural and historical heritage. The museum houses a collection of artifacts and exhibits from the prehistoric era to the medieval period, including ancient pottery, coins, and sculptures. It also features a collection of rare and unique items such as ancient murals, jewelry, and temple idols. The museum's exhibits provide valuable insights into the history and culture of Goa, making it a must-visit for history enthusiasts and tourists alike. It is a great place to learn about Goa's past and its people."
41,Government Museum,Archeology Museum,"banglore,Karnataka",10:00 AM - 5:00 PM,Monday and public holidays,10,5,20,10,25,50,5,2 hours,"(12.9762,77.5929)","The Government Museum in Bangalore, officially known as the Chamarajendra Museum of Arts and Archaeology, is one of the oldest museums in the country. Established in 1875, it showcases a rich collection of over 50,000 artifacts, including ancient sculptures, inscriptions, coins, and art pieces. The museum has several galleries featuring exhibits on history, art, archaeology, and geology. Some of the notable exhibits include ancient artifacts from the Indus Valley Civilization, sculptures from the Chola and Hoysala dynasties, and a rare collection of Indian musical instruments."
42,National Museum of Minerals,General,New Delhi,10:00 AM - 5:00 PM,Monday and public holidays,20,10,20,100,50,100,10,2 hours,"(28.6120,77.2195)","The National Museum of Minerals in New Delhi is a specialized institution dedicated to the study and display of minerals, rocks, and fossils. It houses an extensive collection of mineral specimens from across India and around the world, providing a deep dive into the geological history of the Earth. The museum's exhibits focus on the properties, classifications, and various uses of minerals, from their formation to their applications in modern industries such as construction, electronics, and energy."
43,Rail Museum,General,"Mysore,Karnataka",9:30 AM - 5:30 PM,Public Holidays,10,5,20,50,25,50,5,1 hour,"(28.5855,77.1910)","The Rail Museum in Mysore is a popular tourist destination that showcases the history of Indian railways. Located on 35 acres of land, the museum features over 40 exhibits, including vintage locomotives and coaches. Visitors can explore the various galleries, which showcase the development of Indian railways from its inception to the present day. The museum also offers an interactive display, a railway gallery, and a vintage camera and model display. Additionally, it has a collection of steam engines, electric and diesel locomotives, and railway carriages. The museum is a must-visit for history buffs and railway enthusiasts."
44,Kolkata Panorama,General,"Kolkata,West Bengal",11:00 AM - 6:00 PM,Monday and public holidays,50,20,50,200,100,150,20,2 hours,"(22.5726,88.3639)","The Kolkata Panorama is a visual representation of the history, culture, and architecture of the city of Kolkata. It offers a panoramic view of the city's development over the years, highlighting significant landmarks, historical events, and cultural transformations. The museum's collection includes models, photographs, and artifacts that reflect Kolkata’s rich heritage, both from the colonial and post-colonial eras. It serves as an important resource for those studying urban history, architecture, and the socio-political evolution of Kolkata. Visitors interested in understanding the growth of Kolkata as a cultural and historical center will find this museum fascinating."
45,National museum of Indian cinema,General,"Mumbai,Maharastra",11:00 AM - 6:00 PM,Monday and public holidays,20,10,20,100,50,100,10,2 hours,"(18.9318,72.8277)","The National Museum of Indian Cinema is a museum located in Mumbai, India. It is a repository of Indian cinema's rich history and heritage, showcasing a vast collection of films, artifacts, and memorabilia. The museum was established in 1990 by the National Film Archives of India and has since become a popular destination for film enthusiasts and historians. The museum's collection includes films, costumes, props, and other exhibits that highlight the evolution of Indian cinema over the years. It is a must-visit destination for anyone interested in Indian film history."
46,Manav Sangrahalaya,General,Madhya Pradesh,10:00 AM - 5:00 PM,Public Holidays,10,5,20,50,25,50,5,1 hour,"(23.2599,77.4126)","The Manav Sangrahalaya, also known as the Museum of Man, is located in Indore and is dedicated to the anthropological and ethnological study of the human race. The museum's collection spans the evolution of humans from prehistoric times to the modern era, with a focus on how human societies have developed, adapted, and evolved. Exhibits include prehistoric tools, tribal artifacts, and cultural displays from various ethnic groups. It provides valuable insights into the daily life, customs, and traditions of India’s diverse tribal and rural communities, making it an important resource for students of anthropology, history, and sociology."
47,Kerala Museum,General,"Ernakulam,Kerala",9:30 AM - 5:00 PM,Public Holidays,20,10,20,100,50,100,10,2 hours,"(10.0159,76.3419)","The Kerala Museum in Kochi is a repository of the cultural and artistic history of Kerala. It focuses on the region’s diverse art forms, traditional crafts, and the cultural influences that have shaped Kerala's history over centuries. The museum houses a rich collection of artifacts, including ancient sculptures, paintings, and jewelry, as well as displays on Kerala’s folklore and religious traditions. It is an ideal place for students of art, culture, and history to explore the rich cultural heritage of Kerala and understand the region's unique artistic practices."
48,Kumbharwada Museum,Arts,Mumbai,10:00 AM - 6:00 PM,Monday,50,20,10,100,50,50,20,1 hour,"(18.9600,72.8258)","The Kumbharwada Museum is a cultural museum located in Mumbai, India. It is situated in the Kumbharwada area, which was once a thriving community of potters. The museum showcases the history and art of pottery-making, with a collection of pottery items, traditional artifacts, and exhibitions on the craft. Visitors can see demonstrations of pottery-making and learn about the techniques and tools used by the potters. The museum is a great place to learn about Indian culture and heritage, and to appreciate the skill and craftsmanship of traditional potters. It is a popular tourist destination in Mumbai."
49,Rajiv Gandhi Musuem of Contemporary Art,Arts,New Delhi,10:00 AM - 6:00 PM,Monday,50,20,25,100,50,50,20,2 hours,"(28.6139,77.2090)","The Rajiv Gandhi Museum of Contemporary Art, located in New Delhi, is a museum showcasing modern and contemporary Indian art. The museum features a diverse collection of artworks, including paintings, sculptures, and installations, highlighting the country''s rich cultural heritage. Its exhibits provide a platform for artists to showcase their work and for visitors to engage with the latest trends and innovations in Indian contemporary art."
50,Raman Research Institute Museum,Science and Technology,Banglore,9:00 AM - 5:00 PM,Sunday,Free,Free,Free,Free,Free,Free,Free,1 hour,"(13.0196,77.5667)","The Raman Research Institute (RRI) Museum is a part of the Raman Research Institute, a premier research institute in India founded by Dr. C.V. Raman, the Nobel laureate. The museum showcases a collection of scientific instruments, equipment, and exhibits related to the work of Dr. Raman and other scientists. It provides an insight into the history of science and technology, particularly in the field of physics and materials science. The museum also hosts temporary exhibitions and interactive displays, making it a popular destination for science enthusiasts and students."
51,Calico Museum of Textiles,Arts,Ahmedabad,10:30 AM – 1:00 PM,Wednesday and Public holidays,Free,Free,Prohibited,Free,Free,Prohibited,Free,2 hours,"(23.0626, 72.5803)","The Calico Museum of Textiles is a premier textile museum located in Ahmedabad, India. Established in 1949, it is dedicated to the preservation and exhibition of traditional Indian textiles, with a focus on the calico cloth of Gujarat. The museum's collection comprises over 20,000 pieces of fabrics, including intricately woven silk, cotton, and woolen textiles, as well as embroidery, printed, and dyed fabrics. The museum's collection is divided into several galleries, showcasing the various techniques and traditions of Indian textile art. It is considered one of the best textile museums in the world. After 10:30 am the visitors are not allowed to enter(Visitors need to enter exactly or before 10:30 am to enter the museum."
52,Air Force Museum,Historical Museums,Delhi,10:00 AM - 5:00 PM,"Monday,Tuesday and Public holidays",30,15,Prohibited,100,50,Prohibited,Free,2 hours,"(28.5833, 77.1211)","The Indian Air Force Museum is located in Delhi, India. It showcases a collection of aircraft, missiles, and equipment that have been used by the Indian Air Force throughout its history. The museum is home to over 400 exhibits, including a Dakota aircraft used during World War II, a MiG-21 fighter jet, and a B-24 Liberator bomber. Visitors can also see a range of air force memorabilia, including uniforms, medals, and photographs. The museum is a popular tourist destination and a must-visit for aviation enthusiasts and history buffs."
53,Gandhi Ashram,Historical Museums,Ahmedabad,8:30 AM - 6:30 PM,Opens Daily,Free,Free,Free,Free,Free,Free,Free,1 hour,"(23.0600,72.5800)","The Gandhi Ashram, located in Ahmedabad, Gujarat, is a museum and former ashram (residence) of Mahatma Gandhi, showcasing his life, philosophy, and legacy. The ashram, established in 1917, was a hub for India''s Freedom movement and features several exhibits, including Gandhi''s personal belongings, letters, and photographs. The ashram complex also includes a museum, library, and archives, providing insights into Gandhi''s life and India''s struggle for independence."
54,Taj Museum,"Historical Museums, Archeology,Arts.",Agra,10:00 AM - 5:00 PM,Friday,50,Free,200,1100,Free,200,20,4 hours,"(27.1751,78.0421)","The Taj Museum, also known as the Taj Museum and Archives, is a museum located within the premises of the Taj Mahal in Agra, India. It showcases the history and construction of the iconic monument, with exhibits on its architecture, engineering, and the story behind its creation. The museum features models, photographs, and artifacts that provide a detailed understanding of the Taj Mahal's design and significance. Visitors can gain a deeper appreciation for the monument's beauty and historical importance by exploring the exhibits and displays at the Taj Museum."
55,Indira Gandhi Rashtriya Manav Sangrahalaya,"General,Historical Museums,Arts,Museum-House",Bhopal,11:00 AM - 5:30 PM,Monday and public holidays,50,Free,Free,50,Free,Free,25,5 hours,"(23.2295,77.4020)","The Indira Gandhi Rashtriya Manav Sangrahalaya (IGRMS) is a museum located in Bhopal, Madhya Pradesh, India. It is also known as the National Museum of Mankind. The museum showcases the art, culture, and traditions of the indigenous people of India. It has a collection of over 3,000 objects, including artifacts, textiles, and photographs. The IGRMS is a popular tourist destination and an important institution for preserving and promoting the cultural heritage of India's tribal communities. It is named after former Prime Minister Indira Gandhi, who played a key role in its establishment."
56,Red Fort,Historical Museums,Delhi,7:00 AM - 9:00 PM,Monday,70,10,25,1200,10,25,10,4 hours,"(28.6562,77.2410)","The Red Fort Museum is a famous museum located in New Delhi, India. It was once the main residence of the Mughal Empire and is now a UNESCO World Heritage Site. The museum showcases the history and culture of India, with a collection of artifacts and exhibits that date back to the 17th century. Some of the notable exhibits include the Diwan-i-Khas, the Mumtaz Mahal, and the Pearl Mosque. The museum also features a collection of rare coins, arms, and armory. Visitors can explore the museum's impressive collection and learn about India's rich history and cultural heritage."
57,Mysore Palace,Historical Museums,"Mysore,Karnataka",10:00 AM - 5:30 PM,Sundays,50,25,200,500,250,200,30,3 hours,"(12.3051,76.6551)","The Mysore Palace, officially known as Amba Vilas Palace, is a historic palace located in Mysore, Karnataka, India. Built in 1912, it is a blend of Hindu, Islamic, and Gothic styles of architecture. The palace features stunning stained glass windows, ornate carvings, and intricate mirror work. It is also home to a collection of paintings, artifacts, and artifacts from the Wodeyar dynasty, who ruled Mysore for over 500 years. The palace is a popular tourist destination and is considered one of the most beautiful palaces in India, attracting millions of visitors each year."
58,Kiran Nadar Museum of Art,Arts,New Delhi,10:30 AM - 6:30 PM,Mondays,50,Free,Free,200,Free,Free,50,2 hours,"(28.5286,77.2197)","The Kiran Nadar Museum of Art (KNMA) is a modern and contemporary art museum located in New Delhi, India. It was founded in 2010 by Kiran Nadar, a businesswoman and art collector. The museum showcases a diverse collection of over 4,000 works of art, featuring artists from across India, including modern masters like Nandalal Bose and F.N. Souza, as well as contemporary artists like Jagannath Panda and Sushanta Mandal. KNMA also hosts temporary exhibitions, artist talks, and educational programs to engage audiences with Indian art and culture."
59,National Rail Museum,Science and Technology,New Delhi,9:30 AM - 5:30 PM,Mondays,50,10,25,200,50,50,25,2 hours,"(28.5855,77.1910)","The National Rail Museum in New Delhi is a museum showcasing the history of rail transportation in India. Established in 1977, it is spread over 10 acres of land and features a collection of over 100 exhibits, including vintage locomotives, carriages, and railway equipment. The museum also offers a toy train ride, a garden, and a restaurant. Visitors can explore the museum's collection, which includes the iconic Fairy Queen locomotive, built in 1855. The museum is a popular tourist destination and a great place to learn about India's rich railway heritage. It is open daily from 9:30 AM to 5:00 PM."
60,The Bombay Natural History Society (BNHS) Museum,Science and Technology,Mumbai,10:00 AM - 6:00 PM,Mondays,20,10,10,100,50,50,10,1 hour,"(18.9260,72.8316)","The Bombay Natural History Society (BNHS) Museum is a natural history museum located in Mumbai, India. It was established in 1883 by the Bombay Natural History Society, a non-profit organization dedicated to the conservation of wildlife and natural resources. The museum showcases a vast collection of specimens, including mammals, birds, reptiles, amphibians, fish, and insects, as well as artifacts and exhibits on natural history, anthropology, and geology. The museum is a repository of India's natural heritage and offers educational programs, research facilities, and public exhibitions. It is a must-visit destination for nature enthusiasts and scientists."
61,Rumi Darwaza Museum,Historical Museum,Lucknow,10:00 AM - 6:00 PM,Mondays,20,10,10,100,50,50,10,1 hour,"(26.8690,80.9129)","The Rumi Darwaza Museum is a 17th-century gateway located in Lucknow, India. It was built by Nawab Asaf-ud-Daula in 1784 and serves as a museum showcasing the history and architecture of the region. The name ""Rumi Darwaza"" translates to ""Roman Gate"" due to its resemblance to ancient Roman architecture. The museum features exhibits on the city's history, culture, and Mughal era, making it a significant cultural and historical landmark in India. Visitors can explore the museum to gain insight into the rich heritage of Lucknow and its surrounding areas."
62,Shankar’s International Dolls Museum,Arts,New Delhi,10:00 AM - 6:00 PM,Mondays,20,10,25,50,25,50,10,1 hour,"(28.6270,77.2410)","The Shankar's International Dolls Museum is a popular tourist destination located in New Delhi, India. It was founded by Dr. Shankar Dayal Sharma, a former President of India, and his wife. The museum showcases a vast collection of over 6,000 dolls from around the world, representing various cultures and traditions. The dolls are displayed in intricately designed settings, giving visitors a glimpse into the traditional attire and customs of different countries. The museum is a must-visit for children and adults alike, offering an educational and entertaining experience for all. It is open from 10 am to 5 pm daily."
63,TATA Institute of Fundamental Research (TIFR) Museum,Science and Technology,Mumbai,9:00 AM - 5:00 PM,"Saturdays,Sundays",Free,Free,Free,Free,Free,Free,Free,1 hour,"(19.0155,72.8562)","The TATA Institute of Fundamental Research (TIFR) Museum in Mumbai celebrates India's scientific achievements and advancements, offering interactive displays, historic artifacts, and archival collections from pioneers like Dr. Homi Bhabha. Visitors can explore exhibits on quantum mechanics, astrophysics, particle physics, and India’s nuclear and space research programs. With workshops, guided tours, and hands-on exhibits, the museum provides an engaging experience for science enthusiasts, making it a must-visit destination for understanding India’s contributions to global science and technology."
64,Raja Dinkar Kelkar Museum,Arts,Pune,10:00 AM - 6:00 PM,Opens Daily,20,10,25,50,25,50,10,1 hour,"(18.5108,73.8521)","The Raja Dinkar Kelkar Museum is a museum located in Pune, India. It is named after its founder, Raja Dinkar Kelkar, a renowned Indian art collector and historian. The museum showcases a vast collection of Indian art, artifacts, and sculptures, with a focus on Marathi culture and history. The collection includes over 40,000 items, including pottery, jewelry, coins, and textiles. The museum is known for its unique and well-curated exhibits, making it a popular tourist destination in Pune. It is also a research center for Indian art and culture."
65,Amaravathi Archaeological Museum,Archeology Museum,"Amaravati,Andhra Pradesh",9:00 AM - 5:00 PM,Fridays,5,2,20,250,125,200,150,2 hours,"(16.5745, 80.3581)","The Amaravathi Archaeological Museum is a museum located in Amaravathi, Andhra Pradesh, India. It is dedicated to the archaeological heritage of the region, particularly the Amaravathi culture that flourished during the 3rd century BCE to the 2nd century CE. The museum houses a collection of artifacts, including sculptures, inscriptions, and pottery, that provide valuable insights into the history and culture of the Amaravathi people. The museum is a popular tourist destination and a significant cultural institution in India, attracting scholars and visitors from around the world. It is a must-visit destination for those interested in Indian history and archaeology."
66,Chandragiri Archaeological Museum,Archeology Museum,"Chandragiri, Chittoor district",10:00 AM - 5:00 PM,Fridays,100,50,50,205,100,150,100,2 hours,"(13.5667, 79.4167)","The Chandragiri Archaeological Museum is located in the Chandragiri village near Tirupati, Chittoor district, Andhra Pradesh, India. The museum showcases a collection of ancient sculptures, inscriptions, and other archaeological finds from the region, dating back to the 2nd century BC. The museum is situated near the historic Chandragiri Fort, which offers stunning views of the surrounding hills and the Tirumala hills."
67,Nagarjunakonda Archaeological Museum,Archeology Museum,"Nagarjunakonda, Palnadu district",9:00 AM - 5:00 PM,Fridays,10,5,30,200,100,150,100,3 hours,"(16.5219, 79.2429)","The Nagarjunakonda Archaeological Museum is a renowned museum located in Andhra Pradesh, India. It is situated near the famous Nagarjunasagar Dam and houses an impressive collection of artifacts and sculptures from the Buddhist era, particularly from the 2nd to 5th centuries AD. The museum features numerous reliefs, statues, and inscriptions that showcase the rich cultural heritage of the region. The museum is a significant archaeological site, providing valuable insights into the history and art of ancient India. It is a must-visit destination for history buffs and archaeology enthusiasts."
68,Victoria Jubilee Museum (Bapu Museum),Archeology Museum,Vijayawada,10:00 AM - 6:00 PM,Fridays,50,30,50,200,100,200,150,2 hours,"(16.508, 80.628)","The Victoria Jubilee Museum, also known as Bapu Museum, is a museum located in Vijayawada, Andhra Pradesh, India. It was established in 1887 to commemorate the golden jubilee of Queen Victoria's accession to the throne. The museum showcases a collection of artifacts, sculptures, and paintings that reflect the region's rich cultural heritage, including the art and architecture of the Vijayanagara Empire. The museum also has a collection of archaeological findings and exhibits on the history of the region. It is a significant cultural institution in Vijayawada and attracts tourists and history enthusiasts alike."
69,Bhagwan Mahavir Government Museum,Archeology Museum,Kadapa,10:30 AM - 5:00 PM,Fridays,3,1,20,150,75,100,75,2 hours,"(14.4674, 78.8241)","The Bhagwan Mahavir Government Museum, located in Kadapa, Andhra Pradesh, India, is a treasure trove of history and culture. Established in 1973, the museum is a tribute to Bhagwan Mahavir, the 24th Jain Tirthankara. The museum showcases a vast collection of artifacts, including ancient sculptures, paintings, and coins, which highlight the rich cultural heritage of the region. The museum's galleries are divided into sections, such as archaeology, anthropology, and art, making it an excellent destination for history buffs and culture enthusiasts. Visitors can explore the museum's exhibits and learn about the region's rich past."
70,Baudhasree State Archaeological Museum,Archeology Museum,Guntur,10:30 AM - 5:00 PM,Fridays,3,1,20,150,75,100,75,2 hours,"(16.3067, 80.4365)","The Baudhasree State Archaeological Museum is a renowned museum located in Guntur, Andhra Pradesh, India. The museum is situated within the premises of Baudhasree, a 16th-century temple built by King Raja Prasanna Deva. The museum showcases an impressive collection of sculptures, pottery, and inscriptions from the Satavahana, Kakatiya, and Vijayanagara periods. The exhibits include bronze idols, temple inscriptions, and artifacts that highlight the rich cultural heritage of the region. The museum is a must-visit destination for history enthusiasts and those interested in understanding the ancient art and architecture of Andhra Pradesh."
71,ASP Government Museum and Research Institute,Archeology Museum,Kakinada,10:30 AM - 5:00 PM,Fridays,5,2,20,150,75,100,75,2 hours,"(16.9891, 82.2475)","The ASP Government Museum and Research Institute is a museum located in Kakinada, Andhra Pradesh, India. It was established in 1978 and is dedicated to the history and culture of the East Godavari district. The museum showcases a collection of artifacts, artworks, and archaeological finds, including sculptures, inscriptions, and coins. It also has a research wing that conducts studies and exhibitions on the region's history and culture. The museum is a popular tourist destination and a valuable resource for researchers and students of history and culture. It is open to visitors and offers guided tours."
72,Sri Rallabandi Subbarao Government Museum,Archeology Museum,Rajamundry,10:30 AM - 5:00 PM,Fridays,5,2,20,150,75,100,75,2 hours,"(17.0052, 81.7778)","The Sri Rallabandi Subbarao Government Museum, located in Rajahmundry, is a premier museum in the state of Andhra Pradesh, India. It was established in 1950 and is named after its founder, Sri Rallabandi Subbarao. The museum houses a vast collection of artifacts, including ancient sculptures, coins, and manuscripts, that showcase the rich cultural heritage of the region. The museum also features a gallery dedicated to the art and artifacts of the Buddhist and Jain periods, making it a must-visit destination for history and culture enthusiasts. It is a significant cultural institution in the region."
